{
  "name": "Enhanced P2P Marketplace with Simplified Token Browser",
  "description": "Advanced Nexus Wallet module featuring a comprehensive P2P marketplace with token pairs trading and simplified token discovery browser",
  "version": "1.0.0",
  "author": "Nexus Module Developer",
  "features": [
    "P2P Marketplace with Token Pairs",
    "Simplified Token Browser",
    "Market Data Refresh",
    "Trading Pair Creation",
    "Direct Trading Links",
    "Pagination and Filtering"
  ],
  "created": "2025-08-04T10:45:39.775Z",
  "build_info": {
    "webpack_version": "5.99.9",
    "bundle_size": "169 KiB",
    "modules": "426 KiB"
  }
}